{
  "reg_normal": {
    "mse": 13237.069596235284,
    "rmse": 115.05246453785892,
    "mae": 54.55802959135206,
    "r2": 0.04402135011276975
  },
  "reg_gd": {
    "mse": NaN,
    "rmse": NaN,
    "mae": NaN,
    "r2": NaN
  },
  "clf": {
    "accuracy": 0.4915843650020865,
    "precision": 0.4915843650020865,
    "recall": 1.0,
    "f1": 0.6591438962976779,
    "tp": 10602,
    "fp": 10965,
    "tn": 0,
    "fn": 0
  },
  "roc_auc": 0.4967533679085411,
  "best_threshold_by_f1": 0.1
}